name,website,email,county,emailed
Mycouncil Oxfordshire,https://mycouncil.oxfordshire.gov.uk/mgParishCouncilDetailsList.aspx,online@oxfordshire.gov.uk,Oxfordshire,yes
Democratic Southoxon,https://democratic.southoxon.gov.uk/mgParishCouncilDetailsList.aspx,clerk@democratic.southoxon.gov.uk,Oxfordshire,yes
Hugofox Com,https://www.hugofox.com/community/newington-parish-council-oxfordshire--20858/news/parish-council-meeting---wednesday-25th-march-2026-87760,clerk@hugofox.com,Oxfordshire,yes
Meetings Westoxon,https://meetings.westoxon.gov.uk/mgParishCouncilDetailsList.aspx,clerk@meetings.westoxon.gov.uk,Oxfordshire,yes
Tackleyvillage Co Uk,https://www.tackleyvillage.co.uk/wp/parish-council/,parishclerk@tackleyvillage.co.uk.,Oxfordshire,no
Islipparishcouncil,https://www.islipparishcouncil.gov.uk/contact-us,clerk@blackbirdleysparishcouncil.gov.uk,Oxfordshire,yes
Oxfordshire,https://www.oxfordshire.gov.uk/council/about-your-council/government-oxfordshire/parish-and-town-councils,online@oxfordshire.gov.uk,Oxfordshire,yes
Mycouncil Oxford,https://mycouncil.oxford.gov.uk/mgParishCouncilDetailsList.aspx,clerk@mycouncil.oxford.gov.uk,Oxfordshire,yes
Westoxon,https://www.westoxon.gov.uk/about-the-council/parish-and-town-councils/,clerk@westoxon.gov.uk,Oxfordshire,yes
Democratic Whitehorsedc,https://democratic.whitehorsedc.gov.uk/mgParishCouncilDetailsList.aspx,clerk@democratic.whitehorsedc.gov.uk,Oxfordshire,yes
Chiltonparishcouncil,https://www.chiltonparishcouncil.gov.uk/,clerk@chiltonparishcouncil.gov.uk,Oxfordshire,yes
Wheatleyparishcouncil,https://wheatleyparishcouncil.gov.uk/wheatley-newsletter/,newsletter@wheatleyparishcouncil.gov.uk,Oxfordshire,yes
Ducklingtonparishcouncil,https://www.ducklingtonparishcouncil.gov.uk/village-newsletter,clerk@ducklingtonparishcouncil.gov.uk,Oxfordshire,yes
Northleighparishcouncil,https://northleighparishcouncil.gov.uk/,slick-carousel@1.8.1,Oxfordshire,no
Steventonparishcouncil,https://steventonparishcouncil.gov.uk/steventon-news/,steventonnews@outlook.com,Oxfordshire,yes
Staplefordparishcouncil,https://staplefordparishcouncil.gov.uk/,clerk@staplefordparishcouncil.gov.uk,Cambridgeshire,yes
Scambs Moderngov Co Uk,https://scambs.moderngov.co.uk/mgParishCouncilDetailsList.aspx,clerk@scambs.moderngov.co.uk,Cambridgeshire,yes
Eastcambs,https://www.eastcambs.gov.uk/about-council/councillors-and-committees/parish-council-directory/fordham-parish-council,christine.standley@fordhamparish.org.uk,Cambridgeshire,yes
Fenstantonparishcouncil,https://fenstantonparishcouncil.gov.uk/contact-us,clerk@fenstantonparishcouncil.org.uk,Cambridgeshire,yes
Haddenham Pc,https://haddenham-pc.gov.uk/contact-us,clerk@haddenham-pc.gov.uk,Cambridgeshire,yes
Bartonvillage Org,https://bartonvillage.org/contact-us/,clerk@bartonvillage.org,Cambridgeshire,yes
Graveleycambspc,https://www.graveleycambspc.org.uk/contact,clerk@graveleycambspc.org.uk,Cambridgeshire,yes
Babraham Pc,https://www.babraham-pc.gov.uk/community/babraham-parish-council-19919/village-newsletter/,clerk@babraham-pc.gov.uk,Cambridgeshire,yes
Willinghamparishcouncil,https://willinghamparishcouncil.gov.uk/category/newsletter/,clerk@willinghamparishcouncil.gov.uk,Cambridgeshire,yes
Newton Parish Council Chessck Co Uk,https://newton-parish-council.chessck.co.uk/,elections@scambs.gov.uk,Cambridgeshire,yes
Ellingtonparishcouncil,https://www.ellingtonparishcouncil.gov.uk/community/,clerk@ellingtonparishcouncil.gov.uk,Cambridgeshire,yes
Chippenhamcambs Pc,https://chippenhamcambs-pc.gov.uk/,clerk@chippenhamcambs-pc.gov.uk,Cambridgeshire,yes
Girton Cambs,https://www.girton-cambs.org.uk/girton-parish-news/,clerk@girton-cambs.org.uk,Cambridgeshire,yes
Orwellparishcouncil Co Uk,https://www.orwellparishcouncil.co.uk/,clerk@orwellparishcouncil.co.uk,Cambridgeshire,yes
Wilburtonparishcouncil,https://wilburtonparishcouncil.gov.uk/,clerk@wilburtonparishcouncil.gov.uk,Cambridgeshire,yes
Eastsuffolk,https://www.eastsuffolk.gov.uk/your-council/town-and-parish-councils/town-and-parish-clerk-guide,elections@eastsuffolk.gov.uk,Suffolk,yes
Woolpitparishcouncil,https://woolpitparishcouncil.gov.uk/parish-council/the-clerk/,lerk@woolpitparishcouncil.gov.uk,Suffolk,yes
Baberghmidsuffolk Moderngov Co Uk,https://baberghmidsuffolk.moderngov.co.uk/mgParishCouncilDetailsList.aspx,clerk@baberghmidsuffolk.moderngov.co.uk,Suffolk,yes
Suffolk,https://www.suffolk.gov.uk/council-and-democracy/borough-district-parish-and-town-councils,infolink@suffolk.gov.uk,Suffolk,yes
Democracy Westsuffolk,https://democracy.westsuffolk.gov.uk/mgParishCouncilDetailsList.aspx,clerk@democracy.westsuffolk.gov.uk,Suffolk,yes
Greatbricett Suffolk Cloud,https://greatbricett.suffolk.cloud/parish-council/,wght@100..900,Suffolk,no
Coneywestonparishcouncil,https://coneywestonparishcouncil.gov.uk/parish-council/,peter.clarke@coneywestonparishcouncil.gov.uk,Suffolk,yes
Dalhamparishcouncil,https://dalhamparishcouncil.gov.uk/assets/Uploads/26.03.11-Agenda.pdf,clerk@dalhamparishcouncil.gov.uk,Suffolk,yes
Elmswell Pc,https://elmswell-pc.gov.uk/newsletters/,clerk@elmswell.suffolk.gov.uk,Suffolk,yes
Greatbarton Pc,https://greatbarton-pc.gov.uk/our-village/newsletters/,clerk@greatbarton-pc.gov.uk,Suffolk,yes
Wickhamskeith Pc,https://wickhamskeith-pc.gov.uk/,wickhamskeithpc@hotmail.com,Suffolk,yes
Freckenham Pc,https://freckenham-pc.gov.uk/overview/newsletter/,freckenhamparishclerk@hotmail.com,Suffolk,yes
Lindseyparishcouncil,https://lindseyparishcouncil.gov.uk/lindsey-village-informatio/lindsey-village-newsletter/,clerk@lindseyparishcouncil.gov.uk,Suffolk,yes
Stonhamparva Pc,https://stonhamparva-pc.gov.uk/village-newsletter/,parishclerk@stonhamparvapc.org.uk,Suffolk,yes
Hintleshamandchattisham Pc,https://hintleshamandchattisham-pc.gov.uk/village-link/,thelinkhc@outlook.com,Suffolk,yes
Stansfieldvillage,https://www.stansfieldvillage.org.uk/newsletter.html,parish.pump@gmail.com,Suffolk,yes
Huntingfieldparishcouncil,https://huntingfieldparishcouncil.gov.uk/huntingfield-hare/,huntingfieldhare@gmail.com.,Suffolk,no
Fornhamallsaintsparish,https://www.fornhamallsaintsparish.gov.uk/village-voice/,clerk@fornhamallsaintsparish.gov.uk,Suffolk,yes
Modgov North Norfolk,https://modgov.north-norfolk.gov.uk/mgParishCouncilDetailsList.aspx,clerk@modgov.north-norfolk.gov.uk,Norfolk,yes
Democracy West Norfolk,https://democracy.west-norfolk.gov.uk/mgParishCouncilDetails.aspx?bcr=1,democratic.services@west-norfolk.gov.uk,Norfolk,yes
Keswick Intwoodpc Norfolkparishes,https://keswick-intwoodpc.norfolkparishes.gov.uk/2026/03/18/parish-council-meeting-wednesday-25th-march-2026-7pm-at-the-reading-room/,bootstrap@5.3.3,Norfolk,no
Democracy Southnorfolkandbroadland,https://democracy.southnorfolkandbroadland.gov.uk/mgParishCouncilDetailsList.aspx,clerk@democracy.southnorfolkandbroadland.gov.uk,Norfolk,yes
Area Southnorfolkandbroadland,https://area.southnorfolkandbroadland.gov.uk/parishclerks/bdc,aclepcclerk@gmail.com,Norfolk,yes
Holmehaleparishcouncil Norfolkparishes,https://holmehaleparishcouncil.norfolkparishes.gov.uk/contact/,bootstrap@5.3.3,Norfolk,no
North Norfolk,https://www.north-norfolk.gov.uk/tasks/democratic-services/directory-of-parish-and-town-council-clerks/,clerk@north-norfolk.gov.uk,Norfolk,yes
Northrunctonpc Norfolkparishes,https://www.northrunctonpc.norfolkparishes.gov.uk/parish-council-clerk/,clerk@northrunctonpc.norfolkparishes.gov.uk,Norfolk,yes
Hindolvestonparishcouncil Norfolkparishes,https://hindolvestonparishcouncil.norfolkparishes.gov.uk/village-newsletter/,bootstrap@5.3.3,Norfolk,no
Claxton Pc,https://claxton-pc.gov.uk/category/organisations/parish-council-news/,clerk@claxton-pc.gov.uk,Norfolk,yes
Woodtonparishcouncil,https://www.woodtonparishcouncil.gov.uk/,clerk@woodtonparishcouncil.gov.uk,Norfolk,yes
Wintertononsea Pc,https://wintertononsea-pc.gov.uk/winterton-on-sea-newsletters/,clerk@wintertononsea-pc.gov.uk,Norfolk,yes
Littleellinghampc Info,https://www.littleellinghampc.info/newsletters,clerk@littleellingham-pc.gov.uk,Norfolk,yes
Brundallpc Norfolkparishes,https://brundallpc.norfolkparishes.gov.uk/brundall-village-newsletter/,bootstrap@5.3.3,Norfolk,no
Walsinghamvillage Org,https://www.walsinghamvillage.org/wp-content/uploads/2025/09/Newsletter-22-issue-Sept-2025.pdf,walsinghampc@googlemail.com,Norfolk,yes
North Woottonpc Norfolkparishes,http://north-woottonpc.norfolkparishes.gov.uk/category/newsletter/,bootstrap@5.3.3,Norfolk,no
Littlesnoringparishcouncil Norfolkparishes,https://littlesnoringparishcouncil.norfolkparishes.gov.uk/newsletters/,bootstrap@5.3.3,Norfolk,no
Kettlestoneparishcouncil Norfolkparishes,https://kettlestoneparishcouncil.norfolkparishes.gov.uk/2025/07/01/village-newsletter-for-july-2025/,bootstrap@5.3.3,Norfolk,no
Democracy Devon,https://democracy.devon.gov.uk/mgParishCouncilDetailsList.aspx,clerk@democracy.devon.gov.uk,Devon,yes
Westdevon,https://www.westdevon.gov.uk/your-council/councillors-and-committees/town-and-parish-councils,clerk@westdevon.gov.uk,Devon,yes
Democracy Northdevon,https://democracy.northdevon.gov.uk/mgParishCouncilDetails.aspx?bcr=1,clerk@democracy.northdevon.gov.uk,Devon,yes
Dalwoodparish Co Uk,https://dalwoodparish.co.uk/parish-council/,dalwoodpc@outlook.com,Devon,yes
Ashfordparishnorthdevon Com,https://www.ashfordparishnorthdevon.com/contact.html,clerk@ashfordpc.org.uk,Devon,yes
Middevonparish Co Uk,https://www.middevonparish.co.uk/poughill/contact-us-1/,clerk@poughillparishcouncil.org.uk,Devon,yes
Brauntonparishcouncil,http://www.brauntonparishcouncil.gov.uk/Braunton-PC/Default-7141.aspx,info@brauntonparishcouncil.gov.uk,Devon,yes
Middevon,https://www.middevon.gov.uk/your-council/town-parish-councils/contact-details/,clerk@middevon.gov.uk,Devon,yes
Malboroughparishcouncil,https://www.malboroughparishcouncil.gov.uk/community/malborough-parish-council-19929/councillors--contacts/,clerk@malboroughparishcouncil.gov.uk,Devon,yes
Lamertonparishcouncil,https://lamertonparishcouncil.gov.uk/wp-content/uploads/2026/03/Agenda-24th-March-2026.pdf,clerk@lamertonparishcouncil.gov.uk,Devon,yes
Aspc,https://www.aspc.org.uk/,clerk@aspc.org.uk,Devon,yes
Memburyparishcouncil,https://memburyparishcouncil.gov.uk/newsletter,clerk@memburyparishcouncil.gov.uk,Devon,yes
Devon,https://www.devon.gov.uk/communities/how-do-i/getting-my-voice-heard/town-or-parish-council/,customer@devon.gov.uk,Devon,yes
Brixtonparishcouncil,http://www.brixtonparishcouncil.gov.uk/_UserFiles/Files/News%20Bulletins%20and%20Newsletter/BPC%20Newsletter%202024%202025.pdf,clerk@brixtonparishcouncil.gov.uk,Devon,yes
Allsaints Pc,https://www.allsaints-pc.gov.uk/category/eddc-newsletter/,clerk@allsaints-pc.gov.uk,Devon,yes
Westleighparish Org,https://www.westleighparish.org/,clerk@westleighparish.org,Devon,yes
Strete,https://strete.org.uk/?post_id=527&title=strete-parish-council-newsletter,clerk@strete.org.uk,Devon,yes
Democracy Somerset,https://democracy.somerset.gov.uk/mgParishCouncilDetailsList.aspx/ieDocHome.aspx?bcr=1,clerk@democracy.somerset.gov.uk,Somerset,yes
Modgov Southsomerset,https://modgov.southsomerset.gov.uk/mgParishCouncilDetails.aspx?LS=17&SLS=1&bcr=1,clerk@modgov.southsomerset.gov.uk,Somerset,yes
Street Pc,https://street-pc.gov.uk/contact-us/,clerk@street-pc.gov.uk,Somerset,yes
N Somerset,https://n-somerset.gov.uk/council-democracy/councillors-committees/town-parish-councils/town-parish-contacts,parishclerk@abbotsleighparish.gov.uk,Somerset,yes
Ash Somerset Pc,https://ash-somerset-pc.gov.uk/parish-council/,clerk@ashpcsomerset.com,Somerset,yes
Democracy Somersetwestandtaunton,https://democracy.somersetwestandtaunton.gov.uk/mgParishCouncilDetails.aspx?bcr=1,clerk@democracy.somersetwestandtaunton.gov.uk,Somerset,yes
Huttonsomerset,https://www.huttonsomerset.org.uk/the-parish-council/members/,clerk@huttonsomerset.org.uk,Somerset,yes
Moderngov Newcastle Staffs,https://moderngov.newcastle-staffs.gov.uk/mgParishCouncilDetailsList.aspx,clerk@moderngov.newcastle-staffs.gov.uk,Somerset,yes
Wells,https://www.wells.gov.uk/userfiles/files/Parish%20Clerks%20List/Parish%20Clerks%20A-Z%20June%202023.pdf,berkleyparishcouncil@gmail.com,Somerset,yes
Ashpcsomerset Com,https://ashpcsomerset.com/ash-parish-council-notice-board/,ashalertemails@ashpcsomerset.com,Somerset,yes
Longsutton Pc,https://www.longsutton-pc.gov.uk/e-newsletters,clerk@longsutton-pc.gov.uk,Somerset,yes
Fivehead Village,https://fivehead-village.org.uk/village-newsletter-feb-26/,clerk@fivehead-village.org.uk,Somerset,yes
Mistertonparishcouncil,https://mistertonparishcouncil.gov.uk/village-information/village-magazine/,clerk@mistertonparishcouncil.gov.uk,Somerset,yes
Hambridgeandwestport Pc,https://hambridgeandwestport-pc.gov.uk/,clerk@hambridgeandwestport-pc.gov.uk,Somerset,yes
Ruishtonparish,https://ruishtonparish.gov.uk/parish-life/village-hall-newsletters,clerk@ruishtonparish.gov.uk,Somerset,yes
Waltonsomerset Pc,https://waltonsomerset-pc.gov.uk/news/village-newsletter,clerk@waltonpc.org,Somerset,yes
Cranmore Somerset Co Uk,https://cranmore-somerset.co.uk/parish-council,clerk@cranmore-somerset.co.uk,Somerset,yes
Boxparishcouncil,https://www.boxparishcouncil.gov.uk/,clerk@boxparishcouncil.gov.uk,Wiltshire,yes
Greatbedwyn Pc,https://www.greatbedwyn-pc.gov.uk/,clerk@greatbedwyn-pc.gov.uk,Wiltshire,yes
Holtparishcouncil,https://holtparishcouncil.gov.uk/contact-us,clerk@holtparishcouncil.gov.uk,Wiltshire,yes
Cms Wiltshire,https://cms.wiltshire.gov.uk/mgParishCouncilDetailsList.aspx?EM=1&RPID=3967637,committee@wiltshire.gov.uk,Wiltshire,yes
Wiltshire Alc,https://www.wiltshire-alc.org.uk/council-contacts/,clerk@wiltshire-alc.org.uk,Wiltshire,yes
Hanningtonparishcouncil,https://hanningtonparishcouncil.gov.uk/contact/,clerk@hanningtonparishcouncil.gov.uk,Wiltshire,yes
Latton Pc,https://www.latton-pc.gov.uk/,clerk@latton-pc.gov.uk,Wiltshire,yes
Edingtonwiltsparishcouncil,https://edingtonwiltsparishcouncil.gov.uk/village-newsletter/,webmaster@edingtonwiltsparishcouncil.gov.uk,Wiltshire,yes
Edingtonwiltshire,https://edingtonwiltshire.org.uk/edington-village-newsletter/,clerk@edingtonwiltshire.org.uk,Wiltshire,yes
Froxfieldparishcouncil,https://froxfieldparishcouncil.gov.uk/notices/visit-wiltshire-newsletter-april-2025/,clerk@froxfieldparishcouncil.gov.uk,Wiltshire,yes
Eastertonpc,https://eastertonpc.org.uk/the-easterton-echoes-newsletter/,judy@judyboyt.com,Wiltshire,yes
Stavertonparishcouncil,https://stavertonparishcouncil.org.uk/news-letters/,simon.staverton.news@gmail.com,Wiltshire,no
Newtontoney Pc,https://newtontoney-pc.gov.uk/,parishclerk@newtontoney-pc.gov.uk,Wiltshire,no
Meetings Cotswold,https://meetings.cotswold.gov.uk/mgParishCouncilDetailsList.aspx,clerk@meetings.cotswold.gov.uk,Gloucestershire,no
Democracy Gloucester,https://democracy.gloucester.gov.uk/mgParishCouncilDetailsList.aspx,clerk@democracy.gloucester.gov.uk,Gloucestershire,no
Stroud Moderngov Co Uk,https://stroud.moderngov.co.uk/mgParishCouncilDetailsList.aspx,clerk@stroud.moderngov.co.uk,Gloucestershire,no
Upperrissington Pc,https://upperrissington-pc.gov.uk/,clerk@upperrissington-pc.gov.uk.,Gloucestershire,no
Horsleyparish,https://horsleyparish.gov.uk/,clerk@horsleyparish.gov.uk,Gloucestershire,no
Sandhurstparishcouncil,https://www.sandhurstparishcouncil.org.uk/contact-us/,sandhurstpc@gmail.com,Gloucestershire,no
Stokeorchardandtredington Pc,http://stokeorchardandtredington-pc.gov.uk/,clerk@stokeorchardandtredington-pc.gov.uk,Gloucestershire,no
Aldertonvillage Co Uk,https://www.aldertonvillage.co.uk/village-newsletter.html,clerk@aldertonparishcouncil.org.uk,Gloucestershire,no
Elkstoneparish,https://elkstoneparish.gov.uk/?page...,cllr.magnuson@elkstoneparish.gov.uk,Gloucestershire,no
Standishvillage Co Uk,https://standishvillage.co.uk/standish-parish-council/,clerk@standishpc.org.uk.,Gloucestershire,no
Alvingtonvillage Org,https://alvingtonvillage.org/,alvingtonclerk@outlook.com,Gloucestershire,no
Facebook Com,https://www.facebook.com/AldertonGlos/posts/february-2025s-alderton-village-newsletter-is-out-now-read-it-or-download-for-la/1018442396982432/,clerk@facebook.com,Gloucestershire,no
Bisley With Lypiatt,https://bisley-with-lypiatt.gov.uk/?classification=village-news,clerk@bisley-with-lypiatt.gov.uk,Gloucestershire,no
Prestbury Pc,https://prestbury-pc.gov.uk/category/newsletter/,clerk@prestbury-pc.gov.uk,Gloucestershire,no
Kembleandewen Pc,https://kembleandewen-pc.gov.uk/newsletter-19/,clerk@kembleandewen-pc.gov.uk,Gloucestershire,no
Dodderhill Pc,https://dodderhill-pc.gov.uk/contact-us,clerk@dodderhill-pc.gov.uk,Worcestershire,no
Broadwayparishcouncil Org,https://www.broadwayparishcouncil.org/contact-parish-clerk,clerk@broadwayparishcouncil.org,Worcestershire,no
E Services Worcestershire,https://e-services.worcestershire.gov.uk/MyParish/Links.aspx?ParishID=1332,clerk@e-services.worcestershire.gov.uk,Worcestershire,no
Committee Worcester,https://committee.worcester.gov.uk/mgParishCouncilDetails.aspx?bcr=1,clerk@committee.worcester.gov.uk,Worcestershire,no
Wickparishcouncil,https://wickparishcouncil.gov.uk/members-of-wick-parish-council/,clerk@wickparishcouncil.gov.uk,Worcestershire,no
Powick Pc,https://powick-pc.org.uk/,clerk@powick-pc.org.uk,Worcestershire,no
Hamptonlovettwestwood Pc,https://hamptonlovettwestwood-pc.gov.uk/contact-us,clerk@hamptonlovettwestwood-pc.gov.uk,Worcestershire,no
Kemertonparishcouncil,https://kemertonparishcouncil.gov.uk/,clerk@kemertonparishcouncil.gov.uk,Worcestershire,no
Fladburyparishcouncil,https://fladburyparishcouncil.gov.uk/,clerk@fladburyparishcouncil.gov.uk,Worcestershire,no
Cookhillparishcouncil,https://cookhillparishcouncil.gov.uk/,clerk@cookhillparishcouncil.gov.uk,Worcestershire,no
Birlingham Org,http://birlingham.org/parishcouncil.htm,clerk@birlingham.org,Worcestershire,no
Tibbertonparishcouncil,https://tibbertonparishcouncil.gov.uk/wp-content/uploads/2024/09/Tibby-Times-Autumn-2024.pdf,y@3p.p,Worcestershire,no
Martley Pc,https://martley-pc.gov.uk/the-villager-magazine-october-issue/,clerk@martley-pc.gov.uk,Worcestershire,no
Lindridgeparishcouncil,https://lindridgeparishcouncil.gov.uk/,lindridge@parishclerk.co.uk,Worcestershire,no
Hillandmoorpc,https://hillandmoorpc.org.uk/wp-content/uploads/2024/05/HM-Newsletter_Spring24-Final.pdf,clerk@hillandmoorpc.org.uk,Worcestershire,no
Shropshire,https://shropshire.gov.uk/committee-services//mgParishCouncilDetailsList.aspx,customer.service@shropshire.gov.uk,Shropshire,no
Whittingtonparishcouncil,https://www.whittingtonparishcouncil.gov.uk/contact/,clerk@whittingtonparishcouncil.gov.uk,Shropshire,no
Cardingtonparishcouncilshropshire Co Uk,http://www.cardingtonparishcouncilshropshire.co.uk/Contact_Us_10175.aspx,clerk@cardingtonparishcouncilshropshire.co.uk,Shropshire,no
Myddleandbroughton Pc,https://www.myddleandbroughton-pc.gov.uk/index.cfm?pageid=21&pagetitle=Council_Members,myddlebroughtonclerk@talktalk.net,Shropshire,no
Coundparishcouncil,https://www.coundparishcouncil.gov.uk/community/cound-parish-council-12531/contact/,clerk@coundparishcouncil.gov.uk,Shropshire,no
Baystonhillparishcouncil,https://baystonhillparishcouncil.gov.uk/news/2026/03,clerk@baystonhillparishcouncil.org.uk,Shropshire,no
Astleyshropshireparishcouncil,https://www.astleyshropshireparishcouncil.gov.uk/community/astley-parish-12547/contact/contact,clerk@astleyshropshireparishcouncil.gov.uk,Shropshire,no
Rodingtonparishcouncil,https://www.rodingtonparishcouncil.gov.uk/community/rodington-parish-council-15363/newsletter/,clerk@rodingtonparishcouncil.gov.uk,Shropshire,no
Baschurchvillagenewsletter Com,https://www.baschurchvillagenewsletter.com/,clerk@baschurchvillagenewsletter.com,Shropshire,no
Berringtonparishcouncil,https://www.berringtonparishcouncil.gov.uk/community/berrington-parish-council-12525/home,clerk@berringtonparishcouncil.gov.uk,Shropshire,no
Fordparishcouncil,https://www.fordparishcouncil.gov.uk/wp-content/uploads/sites/118/2025/12/Ford-Village-Newsletter-winter-2025-6.pdf,clerk@fordparishcouncil.gov.uk,Shropshire,no
Pontesburyparishcouncil,https://www.pontesburyparishcouncil.org.uk/sites/default/files/april_2025.pdf,info@r-j-d.co.uk,Shropshire,no
Condoverpc,https://condoverpc.org.uk/,condoverpc@gmail.com,Shropshire,no
Loppingtonparishcouncil,http://loppingtonparishcouncil.gov.uk/,clerk@loppingtonparishcouncil.gov.uk,Shropshire,no
Withingtongroupparishcouncil,https://withingtongroupparishcouncil.gov.uk/contact/,clerk@withingtongroupparishcouncil.gov.uk,Herefordshire,no
Councillors Herefordshire,https://councillors.herefordshire.gov.uk/mgParishCouncilDetails.aspx,clerk@councillors.herefordshire.gov.uk,Herefordshire,no
Credenhill Pc,https://credenhill-pc.gov.uk/contact-us,clerk@credenhill-pc.gov.uk,Herefordshire,no
Herefordcitycouncil,https://herefordcitycouncil.gov.uk/contact-us/,clerk@herefordcitycouncil.gov.uk,Herefordshire,no
Huntingtonherefordshire,https://www.huntingtonherefordshire.org.uk/huntington-parish-council/contact-us/,michaelyew@hotmail.co.uk,Herefordshire,no
Herefordshire,https://www.herefordshire.gov.uk/parish-councils-1,clerk@herefordshire.gov.uk,Herefordshire,no
Orleton Pc,https://orleton-pc.gov.uk/contact/,clerk@orleton-pc.gov.uk,Herefordshire,no
Hfspgroupparishcouncil,https://hfspgroupparishcouncil.gov.uk/wp-content/uploads/2026/03/Agenda-18-March-2026.pdf,chairman@hfspgroupparishcouncil.gov.uk,Herefordshire,no
Wigmoregroupparishcouncil,https://wigmoregroupparishcouncil.gov.uk/herefordshire-now/,clerk@wigmoregroupparishcouncil.gov.uk,Herefordshire,no
Yarkhillparish Co Uk,http://www.yarkhillparish.co.uk/newsletters/,clerk@yarkhillparish.co.uk,Herefordshire,no
Wellingtonparishcouncil,https://wellingtonparishcouncil.org.uk/,clerk@wellingtonparishcouncil.org.uk,Herefordshire,no
Woolhope Pc,https://woolhope-pc.gov.uk/,clerk@woolhope-pc.gov.uk,Herefordshire,no
Democracy Derbyshiredales,https://democracy.derbyshiredales.gov.uk/mgParishCouncilDetailsList.aspx,clerk@democracy.derbyshiredales.gov.uk,Derbyshire,no
Derbyshire,https://www.derbyshire.gov.uk/council/council-works/other-councils/town-and-parish-councils/town-and-parish-councils.aspx,clerk@derbyshire.gov.uk,Derbyshire,no
Democracy Ne Derbyshire,https://democracy.ne-derbyshire.gov.uk/mgParishCouncilDetailsList.aspx,clerk@democracy.ne-derbyshire.gov.uk,Derbyshire,no
Rowsleyparishcouncil Co Uk,http://rowsleyparishcouncil.co.uk/contact/,clerk@rowsleyparishcouncil.gov.uk,Derbyshire,no
Tibshelfparishcouncil,https://tibshelfparishcouncil.gov.uk/contact/,theclerk@tibshelfparishcouncil.gov.uk,Derbyshire,no
Democracy Derbyshire,https://democracy.derbyshire.gov.uk/mgParishCouncilDetails.aspx?bcr=1,clerk@democracy.derbyshire.gov.uk,Derbyshire,no
Highpeak Moderngov Co Uk,https://highpeak.moderngov.co.uk/mgParishCouncilDetailsList.aspx,clerk@highpeak.moderngov.co.uk,Derbyshire,no
Committees Bolsover,https://committees.bolsover.gov.uk/mgParishCouncilDetailsList.aspx,clerk@committees.bolsover.gov.uk,Derbyshire,no
Codnorparishcouncil Co Uk,https://www.codnorparishcouncil.co.uk/contact.html,clerk@codnorpc.co.uk,Derbyshire,no
Erewash Moderngov Co Uk,https://erewash.moderngov.co.uk/mgParishCouncilDetailsList.aspx,clerk@erewash.moderngov.co.uk,Derbyshire,no
Eckington Pc,https://www.eckington-pc.gov.uk/newsletter,clerk@eckington-pc.gov.uk,Derbyshire,no
Willingtonparishcouncil,https://www.willingtonparishcouncil.gov.uk/news/,clerk@willingtonparishcouncil.gov.uk,Derbyshire,no
Killamarsh Pc,https://www.killamarsh-pc.gov.uk/latest-newsletter,clerk@killamarsh-pc.gov.uk,Derbyshire,no
Southdarleyparishcouncil,https://southdarleyparishcouncil.gov.uk/news/,clerk@southdarleyparishcouncil.gov.uk,Derbyshire,no
Barlowvillage Co Uk,https://www.barlowvillage.co.uk/news.html,clerk@barlowvillage.co.uk,Derbyshire,no
Scarcliffeparishcouncil,http://www.scarcliffeparishcouncil.gov.uk/_UserFiles/Files/Newsletters/2025/Scarcliffe%20Newsletter%20Spring%2025-W.pdf,y@r.e,Derbyshire,no
Melbournevillagevoice Co Uk,https://www.melbournevillagevoice.co.uk/,ads@melbournevillagevoice.co.uk,Derbyshire,no
Holmesfieldvillage Com,https://www.holmesfieldvillage.com/,holmesfieldparishcouncil@hotmail.co.uk,Derbyshire,no
Democracy E Lindsey,https://democracy.e-lindsey.gov.uk/mgParishCouncilDetailsList.aspx,bootstrap@4.1.3,Lincolnshire,no
Northlincolnshire Moderngov Co Uk,https://northlincolnshire.moderngov.co.uk/mgParishCouncilDetailsList.aspx,clerk@northlincolnshire.moderngov.co.uk,Lincolnshire,no
Addlethorpe Parish Lincolnshire,https://addlethorpe.parish.lincolnshire.gov.uk/council-business/contact-us,clerk@addlethorpeparishcouncil.gov.uk,Lincolnshire,no
Democracy Sholland,https://democracy.sholland.gov.uk/mgParishCouncilDetailsList.aspx,jquery@3.7.1,Lincolnshire,no
Lincolnshire Moderngov Co Uk,https://lincolnshire.moderngov.co.uk/mgParishCouncilDetailsList.aspx,clerk@lincolnshire.moderngov.co.uk,Lincolnshire,no
Ruskington Parish Lincolnshire,https://ruskington.parish.lincolnshire.gov.uk/contact,clerk@ruskington-pc.gov.uk,Lincolnshire,no
Sibsey Parish Lincolnshire,https://sibsey.parish.lincolnshire.gov.uk/council-business/contact-us,sarah-clerk-spc@outlook.com,Lincolnshire,no
Braceborough Wilsthorpe Parish Lincolnshire,https://braceborough-wilsthorpe.parish.lincolnshire.gov.uk/,clerkbwpcouncil@gmail.com,Lincolnshire,no
Dunston Parish Lincolnshire,https://dunston.parish.lincolnshire.gov.uk/council-business/contact-us,dunstonparishclerk@dunston-pc.gov.uk,Lincolnshire,no
Democracy York,https://democracy.york.gov.uk/mgParishCouncilDetailsList.aspx,ycc@york.gov.uk,Yorkshire,no
Northyorks,https://www.northyorks.gov.uk/your-council/parish-and-town-councils,monitoringofficer@northyorks.gov.uk,Yorkshire,no
Yorkshireparishes,https://yorkshireparishes.gov.uk/directory/,clerk@yorkshireparishes.gov.uk,Yorkshire,no
Kilburnyorks Com,https://www.kilburnyorks.com/parish-council,clerk@kilburnyorkshire-pc.gov.uk,Yorkshire,no
Appletonroebuckandacasterselby Pc,https://www.appletonroebuckandacasterselby-pc.gov.uk/contact/,clerk@appletonroebuckandacasterselby-pc.gov.uk,Yorkshire,no
Mg Wakefield,https://mg.wakefield.gov.uk/mgParishCouncilDetailsList.aspx,clerk@mg.wakefield.gov.uk,Yorkshire,no
Lytheparishcouncil,https://www.lytheparishcouncil.gov.uk/,clerk@lytheparishcouncil.org,Yorkshire,no
Edemocracy Northyorks,https://edemocracy.northyorks.gov.uk/mgParishCouncilDetails.aspx?bcr=1,clerk@edemocracy.northyorks.gov.uk,Yorkshire,no
Ampleforth Pc,https://www.ampleforth-pc.gov.uk/Contact_Us_43100.aspx,clerk@ampleforth-pc.gov.uk,Yorkshire,no
Finningley Pc,https://www.finningley-pc.gov.uk/contact/,clerk@finningley-pc.gov.uk,Yorkshire,no
Nortonsubhamdon Pc,https://nortonsubhamdon-pc.gov.uk/village-newsletter/,clerk@nortonsubhamdon-pc.gov.uk,Yorkshire,no
Allerstonandwiltonparishcouncil Com,https://www.allerstonandwiltonparishcouncil.com/,clerk@allerstonandwiltonpc.co.uk,Yorkshire,no
Yorkshire Village Com,https://www.yorkshire-village.com/newsletters,info@yorkshire-village.com,Yorkshire,no
Alnevillage Co Uk,https://www.alnevillage.co.uk/,sales@farmgatefarmshop.co.uk,Yorkshire,no
Dacreparishcouncil,https://www.dacreparishcouncil.org.uk/latest-newsletter,clerk@dacreparishcouncil.org.uk,Yorkshire,no
Ellerkerparish Uk,https://www.ellerkerparish.uk/village-newsletter-ellerker-news/,clerk@ellerkerparish.uk,Yorkshire,no
Hambleton Pc,https://www.hambleton-pc.gov.uk/news-updates/,clerk@hambleton-pc.gov.uk,Yorkshire,no
Northcave Pc,https://www.northcave-pc.gov.uk/our-community/village-link/,clerk@northcave-pc.gov.uk,Yorkshire,no
Moderngov Dover,https://moderngov.dover.gov.uk/mgParishCouncilDetailsList.aspx,clerk@moderngov.dover.gov.uk,Kent,no
Kent,https://www.kent.gov.uk/about-the-council/how-the-council-works/parish-councils,clerk@kent.gov.uk,Kent,no
Kentchurchparishcouncil,https://kentchurchparishcouncil.gov.uk/contact-us,clerk@kentchurchparishcouncil.gov.uk,Kent,no
Democracy Medway,https://democracy.medway.gov.uk/mgParishCouncilDetailsList.aspx,clerk@democracy.medway.gov.uk,Kent,no
Ashparishcouncil,https://ashparishcouncil.gov.uk/contact-us/,clerk@ashparishcouncil.gov.uk,Kent,no
Farninghamparishcouncil,https://www.farninghamparishcouncil.gov.uk/page-contact_us42.html,clerk@farninghamparishcouncil.org,Kent,no
Hersden Pc,https://hersden-pc.gov.uk/contact/,clerk@hersden-pc.gov.uk,Kent,no
Cds Sevenoaks,https://cds.sevenoaks.gov.uk/mgParishCouncilDetailsList.aspx?J=1,clerk@cds.sevenoaks.gov.uk,Kent,no
Kenardington Pc,https://www.kenardington-pc.gov.uk/community/kenardington-20002/parish-council/,clerk@kenardington-pc.gov.uk,Kent,no
Aylesford Pc,https://www.aylesford-pc.gov.uk/contact.aspx,admin@aylesford-pc.gov.uk,Kent,no
Newington Pc,https://www.newington-pc.gov.uk/community/newington-parish-council-15445/village-voice/,clerk@newington-pc.gov.uk,Kent,no
Mardenkent Pc,https://www.mardenkent-pc.gov.uk/community/marden-parish-council-13394/mpc-newsletters/,clerk@mardenkent-pc.gov.uk,Kent,no
Hothfield,http://www.hothfield.org.uk/community/hothfield-parish-council-17945/newsletter,clerk@hothfield.org.uk,Kent,no
Shadoxhurst Pc,https://shadoxhurst-pc.gov.uk/category/nhw_newsletter/,clerk@shadoxhurst-pc.gov.uk,Kent,no
Dunkirkpc,https://www.dunkirkpc.gov.uk/community,clerk@dunkirkpc.gov.uk,Kent,no
Elhampc Co Uk,https://www.elhampc.co.uk/,cgreenwood@elhampc.co.uk,Kent,no
Eastfarleigh Pc,https://eastfarleigh-pc.gov.uk/2026/03/,clerk@eastfarleigh-pc.gov.uk,Kent,no
Otfordparishcouncil,https://www.otfordparishcouncil.gov.uk/,clerk@otfordparishcouncil.gov.uk,Kent,no
Vigo Pc,https://www.vigo-pc.gov.uk/_UserFiles/Files/News/Newsletter%20Winter%202024-2025.pdf,clerk@vigo-pc.gov.uk,Kent,no
Democracy Eastsussex,https://democracy.eastsussex.gov.uk/mgParishCouncilDetailsList.aspx,clerk@democracy.eastsussex.gov.uk,Sussex,no
Midsussex Moderngov Co Uk,https://midsussex.moderngov.co.uk/mgParishCouncilDetailsList.aspx,clerk@midsussex.moderngov.co.uk,Sussex,no
Westsussex,https://www.westsussex.gov.uk/find-my-nearest/parish-or-town-council/,clerk@westsussex.gov.uk,Sussex,no
Democracy Lewes Eastbourne,https://democracy.lewes-eastbourne.gov.uk/mgParishCouncilDetails.aspx?bcr=1,clerk@democracy.lewes-eastbourne.gov.uk,Sussex,no
Buryparishcouncil,https://buryparishcouncil.org.uk/,clerk@buryparishcouncil.org.uk,Sussex,no
Thakehamparish,https://www.thakehamparish.gov.uk/contact/,clerk@thakehamparish.gov.uk,Sussex,no
Sussexlocal Net,https://sussexlocal.net/community/councils-government/,info@sussexlocal.net,Sussex,no
Hassocks Pc,https://www.hassocks-pc.gov.uk/contact/,info@hassocks-pc.gov.uk,Sussex,no
Democracy Arun,https://democracy.arun.gov.uk/mgParishCouncilDetailsList.aspx,clerk@democracy.arun.gov.uk,Sussex,no
Barnhamandeastergate Pc,https://barnhamandeastergate-pc.gov.uk/media/17536/bepc-planning-and-environment-committee-agenda-3rd-march-2026.pdf,clerk@barnhamandeastergate-pc.gov.uk,Sussex,no
Berwickparishcouncil,https://berwickparishcouncil.gov.uk/,clerk@berwickparishcouncil.gov.uk,Sussex,no
Lancingparishcouncil,https://lancingparishcouncil.gov.uk/2026/03/19/lancing-village-newsletter-spring-2026/,admin@lancingparishcouncil.gov.uk,Sussex,no
Comptonwestsussex Pc,https://comptonwestsussex-pc.gov.uk/,clerk@comptonwestsussex-pc.gov.uk,Sussex,no
Mayfieldfiveashes Pc,https://mayfieldfiveashes-pc.gov.uk/ypnews/,clerk@mayfieldfiveashes-pc.gov.uk,Sussex,no
Westbourne Pc,http://www.westbourne-pc.gov.uk/Newsletters_24533.aspx,clerk@westbourne-pc.gov.uk,Sussex,no
Bepton Org,https://bepton.org/bepton-parish-council/newsletters/,clerk@bepton.org,Sussex,no
Storrington Pc,https://www.storrington-pc.gov.uk/Parish_Newsletters_19359.aspx,office@storrington-pc.gov.uk,Sussex,no
Kingston Pc,https://kingston-pc.gov.uk/,clerk@kingston-pc.gov.uk,Sussex,no
Arlingtonvillage Co Uk,https://arlingtonvillage.co.uk/parish-council/,clerk@arlington-pc.gov.uk,Sussex,no
Ringmerparishcouncil,https://ringmerparishcouncil.gov.uk/wp-content/uploads/2025/03/4.-April-2025.pdf,clerk@ringmerparishcouncil.gov.uk,Sussex,no
Easthants Moderngov Co Uk,https://easthants.moderngov.co.uk/mgParishCouncilDetailsList.aspx,clerk@easthants.moderngov.co.uk,Hampshire,no
Farringdon Pc,https://www.farringdon-pc.gov.uk/community/farringdon-parish-council-hampshire-20026/contact-us/,clerk@farringdon-pc.gov.uk,Hampshire,no
Wellow Pc,https://wellow-pc.gov.uk/contact-us/,clerk@wellow-pc.gov.uk,Hampshire,no
Upperclatford Pc,https://www.upperclatford-pc.gov.uk/community/upper-clatford-15048/parish-council/,clerk@upperclatford-pc.gov.uk,Hampshire,no
Beechpc Com,https://www.beechpc.com/contact-us/,clerk@beechpc.com,Hampshire,no
Democracy Winchester,https://democracy.winchester.gov.uk/mgParishCouncilDetailsList.aspx,info@winchester.gov.uk,Hampshire,no
Hannington Hants Pc,https://hannington-hants-pc.gov.uk/community/hannington-parish-council-hampshire-7641/contact,clerk@hannington-hants-pc.gov.uk,Hampshire,no
Ellinghamharbridgeibsley Pc,https://www.ellinghamharbridgeibsley-pc.gov.uk/contact/,clerk@ehipcmail.co.uk,Hampshire,no
Fawley Pc,https://www.fawley-pc.gov.uk/the-council/staff-structure/,clerk@fawley-pc.gov.uk,Hampshire,no
Hambleparishcouncil,https://hambleparishcouncil.gov.uk/newsletters/,office@hambleparishcouncil.gov.uk,Hampshire,no
Crookhamvillage Pc,https://crookhamvillage-pc.gov.uk/council/newsletters,clerk@crookhamvillage-pc.gov.uk,Hampshire,no
Charlton Pc,https://www.charlton-pc.gov.uk/community/charlton-parish-council-12680/parish-newsletters/,clerk@charlton-pc.gov.uk,Hampshire,no
Hambledon Pc,https://www.hambledon-pc.gov.uk/,clerk@hambledon-pc.gov.uk,Hampshire,no
Kimptonhampshire,https://kimptonhampshire.org.uk/kimpton-parish-newsletter/,clerk@kimptonhampshire.org.uk,Hampshire,no
Newtown Pc,https://newtown-pc.org.uk/,clerk@newtown-pc.org.uk,Hampshire,no
Martinparishcouncil,https://martinparishcouncil.gov.uk/,clerk@martinparishcouncil.gov.uk,Hampshire,no
Moderngov Dorsetcouncil,https://moderngov.dorsetcouncil.gov.uk/mgParishCouncilDetails.aspx,clerk@moderngov.dorsetcouncil.gov.uk,Dorset,no
Lingfieldparishchurch Org,https://lingfieldparishchurch.org/_data/site/130/pg/908/VillageVoice202604-compressed.pdf,18@9.o,Dorset,no
Lytchettmatraversparishcouncil,https://lytchettmatraversparishcouncil.gov.uk/contact-us/,clerk@lytchettmatraversparishcouncil.gov.uk,Dorset,no
Assington Pc,https://assington-pc.gov.uk/contact-us/,clerk@assington-pc.gov.uk,Dorset,no
Dorsetparishes,https://www.dorsetparishes.gov.uk/council/tarrant-monkton-and-launceston-parish-council/contact-your-council/,clerk@dorsetparishes.gov.uk,Dorset,no
Osmingtonparishcouncil,https://www.osmingtonparishcouncil.gov.uk/community/osmington-parish-council-18514/councillors-and-clerk/,clerk@osmingtonparishcouncil.gov.uk,Dorset,no
Knowltonparishcouncil,http://www.knowltonparishcouncil.gov.uk/Contact_Us_31218.aspx,clerk@knowltonparishcouncil.gov.uk,Dorset,no
Charmouthparishcouncil,https://www.charmouthparishcouncil.gov.uk/file/agenda-full-council-march-2026.pdf?download=true,clerk@charmouthparishcouncil.gov.uk,Dorset,no
Winterbornestmartin Pc,https://www.winterbornestmartin-pc.gov.uk/community/winterborne-st-martin-parish-council-18643/useful-contacts/,clerk@winterbornestmartin-pc.gov.uk,Dorset,no
Stleonardsparishcouncil,https://stleonardsparishcouncil.gov.uk/wp-content/uploads/2026/03/25-Mar-26-Agenda-Pack-online.pdf,clerk@stleonardsparishcouncil.gov.uk,Dorset,no
Maidennewtonandfromevauchurch Pc,https://maidennewtonandfromevauchurch-pc.gov.uk/news/april-newsletter,clerk@maidennewtonandfromevauchurch-pc.gov.uk,Dorset,no
Cheselbourneparishcouncil,https://www.cheselbourneparishcouncil.gov.uk/community/cheselbourne-parish-council-7854/weekly-newsletter/,clerk@cheselbourneparishcouncil.gov.uk,Dorset,no
Holt Dorset Pc,https://www.holt-dorset-pc.gov.uk/_VirDir/CoreContents/News/Display.aspx?id=77745,clerk@holt-dorset-pc.gov.uk,Dorset,no
Netherburyparishcouncil,https://www.netherburyparishcouncil.gov.uk/,clerk@netherburyparishcouncil.gov.uk,Dorset,no
Southperrottparishcouncil,https://southperrottparishcouncil.gov.uk/,clerk@southperrottparishcouncil.gov.uk,Dorset,no
Sturminstermarshall Pc,https://www.sturminstermarshall-pc.gov.uk/_UserFiles/Files/Newsletters/2025/October%202025.pdf,.d@w.u5v,Dorset,no
Moderngov Cheshireeast,https://moderngov.cheshireeast.gov.uk/mgParishCouncilDetailsList.aspx,clerk@moderngov.cheshireeast.gov.uk,Cheshire,no
Cheshirewestandchester,https://www.cheshirewestandchester.gov.uk/your-council/councillors-and-committees/town-and-parish-councils/contact-details-for-town-and-parish-councils,clerk@cheshirewestandchester.gov.uk,Cheshire,no
Adlington Pc,https://adlington-pc.gov.uk/contact-us/,clerk@adlington-pc.gov.uk,Cheshire,no
Eltonparishcouncil Co Uk,https://www.eltonparishcouncil.co.uk/contact.html,parishclerk@eltonparishcouncil.co.uk,Cheshire,no
Marstonparishcouncil,https://www.marstonparishcouncil.gov.uk/contact-us/,info@marstonparishcouncil.co.uk,Cheshire,no
Willingtonparish,https://willingtonparish.gov.uk/contact/,clerk@willingtonparish.gov.uk,Cheshire,no
Haleparishcouncil,https://www.haleparishcouncil.gov.uk/contact,clerk@haleparishcouncil.gov.uk,Cheshire,no
Cheshireparishcouncils Co Uk,https://cheshireparishcouncils.co.uk/,alistaircampbell@ukcityimages.com,Cheshire,no
Cheddington Pc,https://www.cheddington-pc.gov.uk/our-community/newsletter/,chedd.newsletter@outlook.com,Cheshire,no
Charvilparishcouncil,https://charvilparishcouncil.gov.uk/cvn,clerk@charvilparishcouncil.gov.uk,Cheshire,no
Davenhamandbostockpc,https://www.davenhamandbostockpc.org.uk/parish-news/,info@hynethydrogenpipeline.co.uk,Cheshire,no
Daresburyparishcouncil,https://www.daresburyparishcouncil.gov.uk/news.html,daresburyvillage@live.co.uk,Cheshire,no
Kingsleyvillage Co Uk,https://www.kingsleyvillage.co.uk/index.php/component/content/,clerk@kingsleyvillage.co.uk,Cheshire,no
Lancashire,https://www.lancashire.gov.uk/parish-and-town-councils/list/,parishcouncils@lancashire.gov.uk,Lancashire,no
Lancaster,https://www.lancaster.gov.uk/parish-councils/,clerk@lancaster.gov.uk,Lancashire,no
Lan Opc,https://www.lan-opc.org.uk/,clerk@lan-opc.org.uk,Lancashire,no
Democracy Westlancs,https://democracy.westlancs.gov.uk/mgParishCouncilDetailsList.aspx,clerk@democracy.westlancs.gov.uk,Lancashire,no
Democracy Chorley,https://democracy.chorley.gov.uk/mgparishcouncildetailslist.aspx,clerk@democracy.chorley.gov.uk,Lancashire,no
Wrightington Pc,https://www.wrightington-pc.gov.uk/useful-contacts/,clerk@wrightington-pc.gov.uk,Lancashire,no
Committeeadmin Lancaster,https://committeeadmin.lancaster.gov.uk/mgParishCouncilDetailsList.aspx,clerk@committeeadmin.lancaster.gov.uk,Lancashire,no
Arnsidevillage Co Uk,https://www.arnsidevillage.co.uk/notice-tag/lancashire/,fay.sweet@lakelandsinfonia.org.uk,Lancashire,no
Prestonparishcouncil,https://prestonparishcouncil.gov.uk/village-newsletter/,newsletter@prestonpc.org.uk,Lancashire,no
Hutton Pc,https://www.hutton-pc.gov.uk/Parish_Newsletter_30425.aspx,clerk@hutton-pc.gov.uk,Lancashire,no
Newburghparishcouncil,https://newburghparishcouncil.gov.uk/news/,clerk@newburghparishcouncil.gov.uk,Lancashire,no
Whittlelewoods Pc,https://www.whittlelewoods-pc.gov.uk/newsletter.php,clerk@whittlelewoods-pc.gov.uk,Lancashire,no
Wiswellpc,https://www.wiswellpc.org.uk/latest-newsletters.php,clerk@wiswellpc.org.uk,Lancashire,no
